numeral_id,order,source_witness_id,source_path,source_appendix_line,semantic_series,spanish_expression_ocr,cora_expression_ocr,raw_line_ocr,separator_type,record_status,authority_status,human_verified
ORT1888-num-001,1,ORTEGA1888-TEPIC-IA,data/appendices/numerals_ocr.txt,4,general_count,Una.,CWut.,Una. — CWut.,em_dash,machine_extracted_explicit_pair,machine_derived,False
ORT1888-num-002,2,ORTEGA1888-TEPIC-IA,data/appendices/numerals_ocr.txt,5,general_count,Dos.,Huahpoa.,Dos. — Huahpoa.,em_dash,machine_extracted_explicit_pair,machine_derived,False
ORT1888-num-003,3,ORTEGA1888-TEPIC-IA,data/appendices/numerals_ocr.txt,6,general_count,Tres.,Hur/e/ca.,Tres.— Hur/e/ca.,em_dash,machine_extracted_explicit_pair,machine_derived,False
ORT1888-num-004,4,ORTEGA1888-TEPIC-IA,data/appendices/numerals_ocr.txt,7,general_count,Cuatro.,"Moácua,","Cuatro. — Moácua,",em_dash,machine_extracted_explicit_pair,machine_derived,False
ORT1888-num-005,5,ORTEGA1888-TEPIC-IA,data/appendices/numerals_ocr.txt,8,general_count,Cinco.,Amxube.,Cinco. — Amxube.,em_dash,machine_extracted_explicit_pair,machine_derived,False
ORT1888-num-006,6,ORTEGA1888-TEPIC-IA,data/appendices/numerals_ocr.txt,9,general_count,Seis.,Acevi.,Seis. — Acevi.,em_dash,machine_extracted_explicit_pair,machine_derived,False
ORT1888-num-007,7,ORTEGA1888-TEPIC-IA,data/appendices/numerals_ocr.txt,10,general_count,Siete.,Ahuapoa.,Siete.— Ahuapoa.,em_dash,machine_extracted_explicit_pair,machine_derived,False
ORT1888-num-008,8,ORTEGA1888-TEPIC-IA,data/appendices/numerals_ocr.txt,19,general_count,Ocho.--,Ahufltf  i  ca .,Ocho.--— Ahufltf  i  ca .,em_dash,machine_extracted_explicit_pair,machine_derived,False
ORT1888-num-009,9,ORTEGA1888-TEPIC-IA,data/appendices/numerals_ocr.txt,21,general_count,Nueve,sAmoácua.,Nueve— sAmoácua.,em_dash,machine_extracted_explicit_pair,machine_derived,False
ORT1888-num-010,10,ORTEGA1888-TEPIC-IA,data/appendices/numerals_ocr.txt,23,general_count,Diez.,Tamoá  mata.,Diez. — Tamoá  mata.,em_dash,machine_extracted_explicit_pair,machine_derived,False
ORT1888-num-011,11,ORTEGA1888-TEPIC-IA,data/appendices/numerals_ocr.txt,25,general_count,Once.,">Tamoániata.  apoan.  ceaut:  es  decir,  sobre  diez  uno.","Once.— >Tamoániata.  apoan.  ceaut:  es  decir,  sobre  diez  uno.",em_dash,machine_extracted_explicit_pair,machine_derived,False
ORT1888-num-012,12,ORTEGA1888-TEPIC-IA,data/appendices/numerals_ocr.txt,28,general_count,Veinte.,Ceitevi.,Veinte.  —  Ceitevi.,em_dash,machine_extracted_explicit_pair,machine_derived,False
ORT1888-num-013,13,ORTEGA1888-TEPIC-IA,data/appendices/numerals_ocr.txt,30,general_count,Veinte  y  una.,Ceitevi  apoan.   cenut.,Veinte  y  una.  —  Ceitevi  apoan.   cenut.,em_dash,machine_extracted_explicit_pair,machine_derived,False
ORT1888-num-014,14,ORTEGA1888-TEPIC-IA,data/appendices/numerals_ocr.txt,32,general_count,Veinte  y  dos.,Ceitevi.  apoan.  Huáppoa.  &.,Veinte  y  dos. — Ceitevi.  apoan.  Huáppoa.  &.,em_dash,machine_extracted_explicit_pair,machine_derived,False
ORT1888-num-015,15,ORTEGA1888-TEPIC-IA,data/appendices/numerals_ocr.txt,34,general_count,Treinta.,Ceitevi.  apoan.  tamonmata.,Treinta. — Ceitevi.  apoan.  tamonmata.,em_dash,machine_extracted_explicit_pair,machine_derived,False
ORT1888-num-016,16,ORTEGA1888-TEPIC-IA,data/appendices/numerals_ocr.txt,36,general_count,Treinta  y  uno.,Ceitevi.  apoan.   tamoámata.  apoan.  ceaut.,Treinta  y  uno. — Ceitevi.  apoan.   tamoámata.  apoan.  ceaut.,em_dash,machine_extracted_explicit_pair,machine_derived,False
ORT1888-num-017,17,ORTEGA1888-TEPIC-IA,data/appendices/numerals_ocr.txt,40,general_count,Cuarenta.,^Huxaci  xa  te  vi.  Huahpoatévi,Cuarenta.— ^Huxaci  xa  te  vi.  Huahpoatévi,em_dash,machine_extracted_explicit_pair,machine_derived,False
ORT1888-num-018,18,ORTEGA1888-TEPIC-IA,data/appendices/numerals_ocr.txt,42,general_count,Sesenta.,-Hurt^'catévi.,Sesenta.  — -Hurt^'catévi.,em_dash,machine_extracted_explicit_pair,machine_derived,False
ORT1888-num-019,19,ORTEGA1888-TEPIC-IA,data/appendices/numerals_ocr.txt,44,general_count,"Ochenta,  r",Moacuatévi.,"Ochenta,  r—  Moacuatévi.",em_dash,machine_extracted_explicit_pair,machine_derived,False
ORT1888-num-020,20,ORTEGA1888-TEPIC-IA,data/appendices/numerals_ocr.txt,46,general_count,Ciento.  ^,Anxutévi.,Ciento.  ^— Anxutévi.,em_dash,machine_extracted_explicit_pair,machine_derived,False
ORT1888-num-021,21,ORTEGA1888-TEPIC-IA,data/appendices/numerals_ocr.txt,48,general_count,Dos  cientos.,Tnmoamntatevi.   apoan.  nnsutévi,Dos  cientos. — Tnmoamntatevi.   apoan.  nnsutévi,em_dash,machine_extracted_explicit_pair,machine_derived,False
ORT1888-num-022,22,ORTEGA1888-TEPIC-IA,data/appendices/numerals_ocr.txt,50,general_count,Cuatrocientos.,Ceitevi  té  vi.,Cuatrocientos. — Ceitevi  té  vi.,em_dash,machine_extracted_explicit_pair,machine_derived,False
ORT1888-num-023,23,ORTEGA1888-TEPIC-IA,data/appendices/numerals_ocr.txt,63,frequency_count,Una  vez.,Cevix.  vel.  cóxu.,Una  vez.  — Cevix.  vel.  cóxu.,em_dash,machine_extracted_explicit_pair,machine_derived,False
ORT1888-num-024,24,ORTEGA1888-TEPIC-IA,data/appendices/numerals_ocr.txt,65,frequency_count,Dos  veces,Huappoax.,Dos  veces. --Huappoax.,hyphen_variant,machine_extracted_explicit_pair,machine_derived,False
ORT1888-num-025,25,ORTEGA1888-TEPIC-IA,data/appendices/numerals_ocr.txt,70,frequency_count,Diez  veces.,Taomamatax.  &.,Diez  veces. — Taomamatax.  &.,em_dash,machine_extracted_explicit_pair,machine_derived,False
ORT1888-num-026,26,ORTEGA1888-TEPIC-IA,data/appendices/numerals_ocr.txt,75,animate_count,Dos.,Mahuahpoa.,Dos. — Mahuahpoa.,em_dash,machine_extracted_explicit_pair,machine_derived,False
ORT1888-num-027,27,ORTEGA1888-TEPIC-IA,data/appendices/numerals_ocr.txt,76,animate_count,Tres',"sMahiuzM'ca. ;  y  así  los  demás,   anteponiendo   siem-","Tres'.-sMahiuzM'ca. ;  y  así  los  demás,   anteponiendo   siem-",hyphen_variant,machine_extracted_explicit_pair,machine_derived,False
